MSFT,IBM,PFE,GE
28.8700008392334,116.9000015258789,24.649999618530273,41.5
